<?xml version="1.0" encoding="utf-8"?>
<ObjDef xmlns="http://www.sonicretro.org" Name="Ball Hog" Image="ballhog" RememberState="true">
  <Images>
    <ImageFromMappings id="ballhog">
      <ArtFile filename="../artnem/ballhog.bin"/>
      <MapFile type="ASM" filename="../_maps/obj1E.asm" frame="0" startpal="1" />
    </ImageFromMappings>
  </Images>
  <Properties>
    <BitsProperty name="Delay" displayname="Explosion Delay (Seconds)" type="int" startbit="0" length="8" />
  </Properties>
  <Display>
    <DisplayOption>
    <ImageRef image="ballhog"/>
    </DisplayOption>
  </Display>
</ObjDef>