<?xml version="1.0"?>
<ObjDef xmlns="http://www.sonicretro.org" Name="Saws and Pizza Cutters" Image="img2" RememberState="true">
  <Images>
    <ImageFromMappings id="img1">
      <ArtFile filename="../artnem/sbzcutte.bin"/>
      <MapFile type="ASM" filename="../_maps/obj6A.asm" frame="0" startpal="2" />
    </ImageFromMappings>
    <ImageFromMappings id="img2">
      <ArtFile filename="../artnem/sbzcutte.bin"/>
      <MapFile type="ASM" filename="../_maps/obj6A.asm" frame="2" startpal="2" />
    </ImageFromMappings>
  </Images>
  <Subtypes>
    <Subtype id="00" name="00 Does Nothing" image="img1"/>
    <Subtype id="01" name="01 Goes side to side" image="img1"/>
    <Subtype id="02" name="02 Goes up n' down" image="img1"/>
    <Subtype id="03" name="03 Pizza Cutter" image="img2"/>
  </Subtypes>
</ObjDef>