<?xml version="1.0"?>
<ObjDef xmlns="http://www.sonicretro.org" Name="Harpoon" Image="vertical" RememberState="true">
  <Images>
    <ImageFromMappings id="horizontal">
      <ArtFile filename="../artnem/lzharpoo.bin"/>
      <MapFile type="ASM" filename="../_maps/obj16.asm" frame="0" startpal="0"/>
    </ImageFromMappings>
    <ImageFromMappings id="vertical">
      <ArtFile filename="../artnem/lzharpoo.bin"/>
      <MapFile type="ASM" filename="../_maps/obj16.asm" frame="3" startpal="0"/>
    </ImageFromMappings>
  </Images>
  <Subtypes>
    <Subtype id="00" name="Horizontal" image="horizontal"/>
    <Subtype id="02" name="Vertical" image="vertical"/>
  </Subtypes>
</ObjDef>