<?xml version="1.0"?>
<ObjDef xmlns="http://www.sonicretro.org" Name="Grass Platform" Image="img1">
  <Images>
    <ImageFromMappings id="img1">
      <ArtFile filename="LevelArt"/>
      <MapFile type="ASM" filename="../_maps/obj2F.asm" frame="0" startpal="2"/>
    </ImageFromMappings>
    <ImageFromMappings id="img2">
      <ArtFile filename="LevelArt"/>
      <MapFile type="ASM" filename="../_maps/obj2F.asm" frame="1" startpal="2"/>
    </ImageFromMappings>
    <ImageFromMappings id="img3">
      <ArtFile filename="LevelArt"/>
      <MapFile type="ASM" filename="../_maps/obj2F.asm" frame="2" startpal="2"/>
    </ImageFromMappings>
  </Images>
  <Subtypes>
    <Subtype id="00" name="Symmetrical - Stationary" image="img1"/>
    <Subtype id="01" name="Symmetrical - Move (1)" image="img1"/>
    <Subtype id="02" name="Symmetrical - Move (2)" image="img1"/>
    <Subtype id="03" name="Symmetrical - Move (3)" image="img1"/>
    <Subtype id="04" name="Symmetrical - Move (4)" image="img1"/>
    <Subtype id="05" name="Symmetrical - Combust" image="img1"/>
    <Subtype id="08" name="Symmetrical - (R) Stationary" image="img1"/>
    <Subtype id="09" name="Symmetrical - (R) Move (1)" image="img1"/>
    <Subtype id="0A" name="Symmetrical - (R) Move (2)" image="img1"/>
    <Subtype id="0B" name="Symmetrical - (R) Move (3)" image="img1"/>
    <Subtype id="0C" name="Symmetrical - (R) Move (4)" image="img1"/>
    <Subtype id="0D" name="Symmetrical - (R) Combust" image="img1"/>
    <Subtype id="10" name="Asymmetrical - Stationary" image="img2"/>
    <Subtype id="11" name="Asymmetrical - Move (1)" image="img2"/>
    <Subtype id="12" name="Asymmetrical - Move (2)" image="img2"/>
    <Subtype id="13" name="Asymmetrical - Move (3)" image="img2"/>
    <Subtype id="14" name="Asymmetrical - Move (4)" image="img2"/>
    <Subtype id="15" name="Asymmetrical - Combust" image="img2"/>
    <Subtype id="18" name="Asymmetrical - (R) Stationary" image="img2"/>
    <Subtype id="19" name="Asymmetrical - (R) Move (1)" image="img2"/>
    <Subtype id="1A" name="Asymmetrical - (R) Move (2)" image="img2"/>
    <Subtype id="1B" name="Asymmetrical - (R) Move (3)" image="img2"/>
    <Subtype id="1C" name="Asymmetrical - (R) Move (4)" image="img2"/>
    <Subtype id="1D" name="Asymmetrical - (R) Combust" image="img2"/>
    <Subtype id="20" name="Column - Stationary" image="img3"/>
    <Subtype id="21" name="Column - Move (1)" image="img3"/>
    <Subtype id="22" name="Column - Move (2)" image="img3"/>
    <Subtype id="23" name="Column - Move (3)" image="img3"/>
    <Subtype id="24" name="Column - Move (4)" image="img3"/>
    <Subtype id="25" name="Column - Combust" image="img3"/>
    <Subtype id="28" name="Column - (R) Stationary" image="img3"/>
    <Subtype id="29" name="Column - (R) Move (1)" image="img3"/>
    <Subtype id="2A" name="Column - (R) Move (2)" image="img3"/>
    <Subtype id="2B" name="Column - (R) Move (3)" image="img3"/>
    <Subtype id="2C" name="Column - (R) Move (4)" image="img3"/>
    <Subtype id="2D" name="Column - (R) Combust" image="img3"/>
  </Subtypes>
  <Properties>
    <BitsProperty name="Behaviour" type="BehaviourVal" startbit="0" length="3" />
    <BitsProperty name="Movement" displayname="Reverse movement" type="bool" startbit="3" length="1" />
    <BitsProperty name="Sprite" type="SpriteFrame" startbit="4" length="2" />
  </Properties>
  <Enums>
    <Enum name="BehaviourVal">
      <EnumMember name="Stationary" />
      <EnumMember name="Move (1)" />
      <EnumMember name="Move (2)" />
      <EnumMember name="Move (3)" />
      <EnumMember name="Move (4)" />
      <EnumMember name="Combust" />
    </Enum>
    <Enum name="SpriteFrame">
      <EnumMember name="Symmetrical" />
      <EnumMember name="Asymmetrical" />
      <EnumMember name="Column" />
    </Enum>
  </Enums>
  <Display>
    <DisplayOption>
      <Condition property="Sprite" value="Symmetrical" />
      <ImageRef image="img1" />
    </DisplayOption>
    <DisplayOption>
      <Condition property="Sprite" value="Asymmetrical" />
      <ImageRef image="img2" />
    </DisplayOption>
    <DisplayOption>
      <Condition property="Sprite" value="Column" />
      <ImageRef image="img3" />
    </DisplayOption>
  </Display>
</ObjDef>