<?xml version="1.0" encoding="utf-8"?>
<ObjDef xmlns="http://www.sonicretro.org" Name="Hidden Point Bonus" Image="img100" DefaultSubtype="03">
  <Images>
    <ImageFromMappings id="img10000">
      <ArtFile filename="../artnem/bonus.bin" />
      <MapFile type="ASM" filename="../_maps/obj7D.asm" frame="1" startpal="0" />
    </ImageFromMappings>
    <ImageFromMappings id="img1000">
      <ArtFile filename="../artnem/bonus.bin" />
      <MapFile type="ASM" filename="../_maps/obj7D.asm" frame="2" startpal="0" />
    </ImageFromMappings>
    <ImageFromMappings id="img100">
      <ArtFile filename="../artnem/bonus.bin" />
      <MapFile type="ASM" filename="../_maps/obj7D.asm" frame="3" startpal="0" />
    </ImageFromMappings>
  </Images>
  <Subtypes>
    <Subtype id="01" name="10000 Points" image="img10000" />
    <Subtype id="02" name="1000 Points" image="img1000" />
    <Subtype id="03" name="100 Points" image="img100" />
  </Subtypes>
</ObjDef>